[
  {
    "name": "theme_info",
    "theme_name": "RadPeople",
    "theme_version": "1.0.0",
    "theme_author": "RadPeople",
    "theme_documentation_url": "",
    "theme_support_url": ""
  },
  {
    "name": "Homepage Videos",
    "settings": [
      {
        "type": "text",
        "id": "homepage_video_desktop",
        "label": "Desktop Video URL",
        "info": "URL to the desktop landing page video. Get this from Content -> Files after uploading.",
        "default": ""
      },
      {
        "type": "text",
        "id": "homepage_video_mobile",
        "label": "Mobile Video URL",
        "info": "URL to the mobile landing page video. Get this from Content -> Files after uploading.",
        "default": ""
      }
    ]
  },
  {
    "name": "Cart",
    "settings": [
      {
        "type": "select",
        "id": "cart_type",
        "label": "Cart type",
        "options": [
          {
            "value": "drawer",
            "label": "Drawer"
          },
          {
            "value": "notification",
            "label": "Notification"
          }
        ],
        "default": "drawer"
      }
    ]
  },
  {
    "name": "Typography",
    "settings": [
      {
        "type": "font_picker",
        "id": "type_header_font",
        "label": "Heading font",
        "default": "assistant_n4"
      },
      {
        "type": "font_picker",
        "id": "type_body_font",
        "label": "Body font",
        "default": "assistant_n4"
      }
    ]
  },
  {
    "name": "Colors",
    "settings": [
      {
        "type": "color",
        "id": "colors_accent_1",
        "label": "Accent 1",
        "default": "#1404FB"
      }
    ]
  },
  {
    "name": "Contentful CMS",
    "settings": [
      {
        "type": "paragraph",
        "content": "Configure Contentful API to automatically fetch content. Leave blank to use manual content."
      },
      {
        "type": "text",
        "id": "contentful_space_id",
        "label": "Contentful Space ID",
        "info": "Get this from your Contentful space settings"
      },
      {
        "type": "text",
        "id": "contentful_access_token",
        "label": "Contentful Access Token",
        "info": "Get this from Contentful API keys (Content Delivery API)"
      }
    ]
  }
]

